Workbook

Sheet Tinh gia
A1: Bảng tính chi phí LLM theo token — đổi model ở cột B để tính lại tự động
A2: Tỷ giá USD → VND (tự cập nhật theo tỷ giá thực tế khi dùng): | F2: 25400
A4: Agent | B4: Model chọn (dropdown) | C4: Avg. Input (token) | D4: Avg. Output (token) | E4: Giá Input $/1M | F4: Giá Output $/1M | G4: Chi phí/lượt ($) | H4: Số lượt lịch sử | I4: Chi phí lịch sử ($) | J4: Chi phí lịch sử (VNĐ)
A5: classification | B5: DeepSeek-V3.2 | C5: ='Du lieu thuc te'!C5 -> 518.25 | D5: ='Du lieu thuc te'!D5 -> 50.21 | E5: =VLOOKUP(B5,'Bang gia model'!$A$4:$C$21,2,0) -> 0.26 | F5: =VLOOKUP(B5,'Bang gia model'!$A$4:$C$21,3,0) -> 0.38 | G5: =(C5/1000000*E5)+(D5/1000000*F5) -> 0.0001538248 | H5: ='Du lieu thuc te'!E5 -> 163 | I5: =G5*H5 -> 0.025073442 | J5: =I5*$F$2 -> 636.86544
A6: verification | B6: DeepSeek-V3.2 | C6: ='Du lieu thuc te'!C6 -> 2213.42 | D6: ='Du lieu thuc te'!D6 -> 70.25 | E6: =VLOOKUP(B6,'Bang gia model'!$A$4:$C$21,2,0) -> 0.26 | F6: =VLOOKUP(B6,'Bang gia model'!$A$4:$C$21,3,0) -> 0.38 | G6: =(C6/1000000*E6)+(D6/1000000*F6) -> 0.0006021842 | H6: ='Du lieu thuc te'!E6 -> 149 | I6: =G6*H6 -> 0.089725446 | J6: =I6*$F$2 -> 2279.0263
A7: consensus | B7: DeepSeek-V3.2 | C7: ='Du lieu thuc te'!C7 -> 173.16 | D7: ='Du lieu thuc te'!D7 -> 835.37 | E7: =VLOOKUP(B7,'Bang gia model'!$A$4:$C$21,2,0) -> 0.26 | F7: =VLOOKUP(B7,'Bang gia model'!$A$4:$C$21,3,0) -> 0.38 | G7: =(C7/1000000*E7)+(D7/1000000*F7) -> 0.0003624622 | H7: ='Du lieu thuc te'!E7 -> 19 | I7: =G7*H7 -> 0.0068867818 | J7: =I7*$F$2 -> 174.92426
A8: pain_point_description | B8: gemma-4-31B-it-turbo | C8: ='Du lieu thuc te'!C8 -> 144 | D8: ='Du lieu thuc te'!D8 -> 848 | E8: =VLOOKUP(B8,'Bang gia model'!$A$4:$C$21,2,0) -> 0.09 | F8: =VLOOKUP(B8,'Bang gia model'!$A$4:$C$21,3,0) -> 0.34 | G8: =(C8/1000000*E8)+(D8/1000000*F8) -> 0.00030128 | H8: ='Du lieu thuc te'!E8 -> 1 | I8: =G8*H8 -> 0.00030128 | J8: =I8*$F$2 -> 7.652512
A9: news_sentiment | B9: DeepSeek-V4-Flash-0731 | C9: ='Du lieu thuc te'!C9 -> 0 | D9: ='Du lieu thuc te'!D9 -> 0 | E9: =VLOOKUP(B9,'Bang gia model'!$A$4:$C$21,2,0) -> 0.08 | F9: =VLOOKUP(B9,'Bang gia model'!$A$4:$C$21,3,0) -> 0.18 | G9: =(C9/1000000*E9)+(D9/1000000*F9) -> 0 | H9: ='Du lieu thuc te'!E9 -> 0 | I9: =G9*H9 -> 0 | J9: =I9*$F$2 -> 0
A11: TỔNG | G11: =SUM(G5:G9) -> 0.0014197512 | I11: =SUM(I5:I9) -> 0.12198695 | J11: =SUM(J5:J9) -> 3098.4685
A13: Chi phí ước tính / 1 post (classify+verify+consensus) | G13: =G5+G6+G7 -> 0.0011184712 | J13: =(G5+G6+G7)*$F$2 -> 28.409168
A15: So sánh: hiện tại dùng gemma-4-26b-a4b-it qua Gemini API trực tiếp của Google = $0/lượt (free tier). Bảng trên tính chi phí NẾU đổi sang các model có phí như kế hoạch.

Sheet Bang gia model
A1: Bảng giá model — $ / 1 triệu token
A3: Model | B3: Giá Input ($/1M) | C3: Giá Output ($/1M) | D3: Ghi chú
A4: gemma-4-26b-a4b-it | B4: 0 | C4: 0 | D4: Đang dùng hiện tại — Google phục vụ Gemma MIỄN PHÍ qua Gemini API trực tiếp
A5: gpt-4o-mini | B5: 0.15 | C5: 0.6 | D5: OpenAI — fallback khi Gemini hết quota (đã cấu hình trong pricing.py)
A6: gemma-4-E4B-it | B6: 0.02 | C6: 0.1 | D6: Aggregator bên thứ 3 (không phải Google trực tiếp) — KHÔNG miễn phí
A7: gemma-3-4b-it | B7: 0.05 | C7: 0.1 | D7: Aggregator bên thứ 3
A8: gemma-3-12b-it | B8: 0.05 | C8: 0.15 | D8: Aggregator bên thứ 3
A9: gemma-3-27b-it | B9: 0.08 | C9: 0.16 | D9: Aggregator bên thứ 3
A10: gemma-4-26B-A4B-it (aggregator) | B10: 0.07 | C10: 0.34 | D10: Cùng tên model đang dùng nhưng qua aggregator — CÓ TÍNH PHÍ, khác Google trực tiếp
A11: gemma-4-31B-it-turbo | B11: 0.09 | C11: 0.34 | D11: Aggregator bên thứ 3
A12: gemma-4-31B-it | B12: 0.13 | C12: 0.38 | D12: Aggregator bên thứ 3
A13: gemma-4-31B-it-Ultra | B13: 0.27 | C13: 0.76 | D13: Aggregator bên thứ 3
A14: DeepSeek-V4-Flash-0731 | B14: 0.08 | C14: 0.18 | D14: Context 1024k — hợp bài báo dài (News Sentiment)
A15: DeepSeek-V4-Flash | B15: 0.09 | C15: 0.18
A16: DeepSeek-V3-0324 | B16: 0.24 | C16: 0.9
A17: DeepSeek-V3.1 | B17: 0.25 | C17: 0.95
A18: DeepSeek-V3.2 | B18: 0.26 | C18: 0.38 | D18: Đề xuất cho Classification/Verification/Consensus
A19: DeepSeek-V3 | B19: 0.32 | C19: 0.89
A20: DeepSeek-R1-0528 | B20: 0.5 | C20: 2.15 | D20: Đề xuất cho Cross-check khi confidence thấp
A21: DeepSeek-V4-Pro | B21: 1.3 | C21: 2.6 | D21: Đề xuất cho Cross-check khi confidence thấp
A23: Sửa/thêm dòng ở đây khi có bảng giá mới — sheet 'Tinh gia' tự tra cứu lại qua VLOOKUP.

Sheet Du lieu thuc te
A1: Token trung bình THẬT / lượt gọi — truy vấn bảng llm_usage (332 lượt, 2026-08-16)
A2: Query: SELECT call_type, model, AVG(input_tokens), AVG(output_tokens), COUNT(*) FROM llm_usage GROUP BY call_type, model
A4: Agent (call_type) | B4: Model hiện tại (thật) | C4: Input TB (token) | D4: Output TB (token) | E4: Số lượt đã ghi nhận
A5: classification | B5: gemma-4-26b-a4b-it | C5: 518.25 | D5: 50.21 | E5: 163
A6: verification | B6: gemma-4-26b-a4b-it | C6: 2213.42 | D6: 70.25 | E6: 149
A7: consensus | B7: gemma-4-26b-a4b-it | C7: 173.16 | D7: 835.37 | E7: 19
A8: pain_point_description | B8: gemma-4-26b-a4b-it | C8: 144 | D8: 848 | E8: 1
A9: news_sentiment | B9: (chưa có dữ liệu) | C9: 0 | D9: 0 | E9: 0
A11: Ghi chú: verification tốn input gấp ~4 lần classification vì prompt verify chèn thêm tài liệu đối chiếu (topic_docs) từ knowledge base. Consensus/Pain Point input thấp nhưng output cao vì sinh văn bản tự do (reasoning/description), không phải JSON có cấu trúc ngắn như 2 agent kia.
